insert into accidente_geografico (nombre, eje_horizontal, eje_vertical) values ('Monte Alegre', 40.731316, 124.783659);
insert into accidente_geografico (nombre, eje_horizontal, eje_vertical) values ('Lago de la Luna', -8.5643, 116.1492);
insert into accidente_geografico (nombre, eje_horizontal, eje_vertical) values ('Río Manso', 56.16667, 22.1);
insert into accidente_geografico (nombre, eje_horizontal, eje_vertical) values ('Río Azul', 42.35, -71.06);
insert into accidente_geografico (nombre, eje_horizontal, eje_vertical) values ('Lago Esmeralda', -7.1569, 108.0375);
insert into accidente_geografico (nombre, eje_horizontal, eje_vertical) values ('Río Plateado', 38.46613, 68.80533);
insert into accidente_geografico (nombre, eje_horizontal, eje_vertical) values ('Monte Verde', -22.9506902, -42.0366974);
insert into accidente_geografico (nombre, eje_horizontal, eje_vertical) values ('Lago Encantado', 49.9749295, 82.6017244);
insert into accidente_geografico (nombre, eje_horizontal, eje_vertical) values ('Monte Cristal', 24.565521, 117.936238);
insert into accidente_geografico (nombre, eje_horizontal, eje_vertical) values ('Río Dorado', 53.8638922, 34.4574753);
insert into accidente_geografico (nombre, eje_horizontal, eje_vertical) values ('Everest', 27.692542, 111.664316);
insert into accidente_geografico (nombre, eje_horizontal, eje_vertical) values ('Annapurna', 54.3082668, 26.7832545);
insert into accidente_geografico (nombre, eje_horizontal, eje_vertical) values ('Denali', 59.9152119, 10.6341605);
insert into accidente_geografico (nombre, eje_horizontal, eje_vertical) values ('Fuji', 43.0429124, 1.9038837);
insert into accidente_geografico (nombre, eje_horizontal, eje_vertical) values ('Aconcagua', 48.3284147, 39.7960619);
insert into accidente_geografico (nombre, eje_horizontal, eje_vertical) values ('Matterhorn', 22.948016, 113.366904);
insert into accidente_geografico (nombre, eje_horizontal, eje_vertical) values ('Kilimanjaro', 56.9846069, 16.3374996);
insert into accidente_geografico (nombre, eje_horizontal, eje_vertical) values ('Amazonas', 52.27994, 36.22461);
insert into accidente_geografico (nombre, eje_horizontal, eje_vertical) values ('Danubio', -12.1392325, 44.4311608);
insert into accidente_geografico (nombre, eje_horizontal, eje_vertical) values ('Mississippi', 32.5181019, 120.2550167);
insert into accidente_geografico (nombre, eje_horizontal, eje_vertical) values ('Nilo', 51.9701203, 5.9409472);
insert into accidente_geografico (nombre, eje_horizontal, eje_vertical) values ('Yangtsé', 52.6130327, 38.9743917);
insert into accidente_geografico (nombre, eje_horizontal, eje_vertical) values ('Ganges', 48.7212066, 2.1222327);
insert into accidente_geografico (nombre, eje_horizontal, eje_vertical) values ('Lago Michigan', -21.4649238, -47.0145295);
insert into accidente_geografico (nombre, eje_horizontal, eje_vertical) values ('Lago Titicaca', 44.4248175, 8.9266041);
insert into accidente_geografico (nombre, eje_horizontal, eje_vertical) values ('Lago Garda', 51.3009866, 16.9148091);
insert into accidente_geografico (nombre, eje_horizontal, eje_vertical) values ('Lago Superior', 39.3317538, -9.2699232);
insert into accidente_geografico (nombre, eje_horizontal, eje_vertical) values ('Lago Victoria', 26.7044143, -80.1986649);
insert into accidente_geografico (nombre, eje_horizontal, eje_vertical) values ('Lago Baikal', -8.5997534, 120.3867834);
insert into accidente_geografico (nombre, eje_horizontal, eje_vertical) values ('Lago Titicaca', 36.512506, 118.542982);

insert into pais (nombre, poblacion, extension) values ('China', 22313503, 2300);
insert into pais (nombre, poblacion, extension) values ('Vietnam', 69816022, 2200);
insert into pais (nombre, poblacion, extension) values ('Indonesia', 88326682, 500);
insert into pais (nombre, poblacion, extension) values ('South Africa', 178376904, 2000);
insert into pais (nombre, poblacion, extension) values ('Philippines', 84843283, 2200);
insert into pais (nombre, poblacion, extension) values ('Brazil', 169889671, 1000);
insert into pais (nombre, poblacion, extension) values ('Spain', 76512829, 2300);
insert into pais (nombre, poblacion, extension) values ('Panama', 113687226, 2800);
insert into pais (nombre, poblacion, extension) values ('Germany', 157082949, 100);
insert into pais (nombre, poblacion, extension) values ('United States', 150073530, 2100);

insert into localidad (nombre, extension) values ('Boisbriand', 319);
insert into localidad (nombre, extension) values ('Wilfrido Loor Moreira', 599);
insert into localidad (nombre, extension) values ('Zawichost', 815);
insert into localidad (nombre, extension) values ('Shiqiaotou', 442);
insert into localidad (nombre, extension) values ('Coroico', 865);
insert into localidad (nombre, extension) values ('Melun', 233);
insert into localidad (nombre, extension) values ('Bomadi', 199);
insert into localidad (nombre, extension) values ('Graz', 78);
insert into localidad (nombre, extension) values ('Sendang', 350);
insert into localidad (nombre, extension) values ('Hennenman', 873);

insert into montana (id_accidente, altura) values (1, 2.9);
insert into montana (id_accidente, altura) values (7, 5.7);
insert into montana (id_accidente, altura) values (9, 4.3);
insert into montana (id_accidente, altura) values (11, 2.6);
insert into montana (id_accidente, altura) values (12, 4.5);
insert into montana (id_accidente, altura) values (13, 3.5);
insert into montana (id_accidente, altura) values (14, 3.7);
insert into montana (id_accidente, altura) values (15, 5.3);
insert into montana (id_accidente, altura) values (16, 2.3);
insert into montana (id_accidente, altura) values (17, 3.7);

insert into lago (id_accidente, extension) values (2, 100);
insert into lago (id_accidente, extension) values (5, 100);
insert into lago (id_accidente, extension) values (8, 125);
insert into lago (id_accidente, extension) values (24, 125);
insert into lago (id_accidente, extension) values (25, 225);
insert into lago (id_accidente, extension) values (26, 175);
insert into lago (id_accidente, extension) values (27, 10);
insert into lago (id_accidente, extension) values (28, 225);
insert into lago (id_accidente, extension) values (29, 10);
insert into lago (id_accidente, extension) values (30, 50);

insert into rio (id_accidente, longitud) values (3, 50);
insert into rio (id_accidente, longitud) values (4, 120);
insert into rio (id_accidente, longitud) values (6, 80);
insert into rio (id_accidente, longitud) values (10, 200);
insert into rio (id_accidente, longitud) values (18, 90);
insert into rio (id_accidente, longitud) values (19, 150);
insert into rio (id_accidente, longitud) values (20, 70);
insert into rio (id_accidente, longitud) values (21, 180);
insert into rio (id_accidente, longitud) values (22, 110);
insert into rio (id_accidente, longitud) values (23, 130);

insert into ubicar (accidente, pais) values (1, 'China');
insert into ubicar (accidente, pais) values (4, 'Vietnam');
insert into ubicar (accidente, pais) values (8, 'Indonesia');
insert into ubicar (accidente, pais) values (10, 'South Africa');
insert into ubicar (accidente, pais) values (13, 'Philippines');
insert into ubicar (accidente, pais) values (16, 'Brazil');
insert into ubicar (accidente, pais) values (19, 'Spain');
insert into ubicar (accidente, pais) values (22, 'Panama');
insert into ubicar (accidente, pais) values (25, 'Germany');
insert into ubicar (accidente, pais) values (28, 'United States');

insert into transcurrir (rio, localidad) values (3,  1);
insert into transcurrir (rio, localidad) values (3,  5);
insert into transcurrir (rio, localidad) values (3,  6);
insert into transcurrir (rio, localidad) values (10, 2);
insert into transcurrir (rio, localidad) values (18, 1);
insert into transcurrir (rio, localidad) values (18, 8);
insert into transcurrir (rio, localidad) values (20, 3);
insert into transcurrir (rio, localidad) values (21, 4);
insert into transcurrir (rio, localidad) values (23, 3);
insert into transcurrir (rio, localidad) values (23, 6);


-- muestra las localidades por las que pasan los rios
select * from transcurrir, accidente_geografico, localidad where transcurrir.rio = accidente_geografico.id_accidente and transcurrir.localidad= localidad.id_localidad;

-- actualiza la longitud del rio 13
update rio set longitud = 3 where id_accidente = 18;

-- elimina los accidentes geograficos con una longitud mayor que 120
delete from accidente_geografico where eje_vertical >120;

-- muestra las montañas con mas de cinco kilometros de altura
select * from montana where altura > 5;

-- aumenta 200 metros de altura las montañas con menos de 4 km de altura
update montana set altura = altura + 0.2 where altura <4; 

-- elimina las montañas menores de 3 kilometros de altura
delete from montana where altura <3;